{"cameraMode":{"drawMode":0,"name":"Shaded","section":"Shading Mode"},"sceneLighting":false,"audioPlay":false,"sceneViewState":{"showFog":true,"showMaterialUpdate":false,"showSkybox":false,"showFlares":true,"showImageEffects":true,"showParticleSystems":true},"in2DMode":false,"pivot":{"x":371.8999938964844,"y":13.100000381469727,"z":402.5426330566406},"rotation":{"x":-0.0704510360956192,"y":-0.002396875526756048,"z":0.00016909526311792433,"w":-0.9975146055221558},"size":5.701259136199951,"orthographic":false}