{"cameraMode":{"drawMode":0,"name":"Shaded","section":"Shading Mode"},"sceneLighting":false,"audioPlay":false,"sceneViewState":{"showFog":true,"showMaterialUpdate":false,"showSkybox":false,"showFlares":true,"showImageEffects":true,"showParticleSystems":true},"in2DMode":false,"pivot":{"x":1.1109153032302857,"y":-2.3180384635925295,"z":-0.20000001788139344},"rotation":{"x":-0.06296300888061524,"y":0.012571748346090317,"z":-0.0007932349690236151,"w":-0.9979393482208252},"size":1.3654452562332154,"orthographic":true}