{"cameraMode":{"drawMode":0,"name":"Shaded","section":"Shading Mode"},"sceneLighting":true,"audioPlay":false,"sceneViewState":{"showFog":true,"showMaterialUpdate":false,"showSkybox":true,"showFlares":true,"showImageEffects":true,"showParticleSystems":true},"in2DMode":false,"pivot":{"x":-67.58509826660156,"y":4.145275115966797,"z":0.0},"rotation":{"x":0.023833727464079858,"y":-0.11313007771968842,"z":-0.002721832599490881,"w":-0.9933105707168579},"size":13.947751998901368,"orthographic":true}